title,icon,time,compatible,evaluate,discount,original_price,current_price,detaillink
NBA 2K25,https://shared.fastly.steamstatic.com/store_item_assets/steam/apps/2878980/capsule_sm_120.jpg?t=1740153913,2024 年 10 月 29 日,"[""win""]",mid,30,99.00,29.70,https://store.steampowered.com/app/2878980/NBA_2K25/?snr=1_7_7_2300_150_1
霍格沃茨之遗,https://shared.fastly.steamstatic.com/store_item_assets/steam/apps/990080/capsule_sm_120.jpg?t=1738007476,2023 年 2 月 11 日,"[""win""]",good,25,79.90,19.97,https://store.steampowered.com/app/990080/_/?snr=1_7_7_2300_150_1
苏丹的游戏,https://shared.fastly.steamstatic.com/store_item_assets/steam/apps/3117820/26f7a185b18df7364d09f1bffc8be2bd10e3f2ee/capsule_sm_120_schinese.jpg?t=1743420251,2025 年 3 月 31 日,"[""win"", ""mac""]",good,90,22.00,19.80,https://store.steampowered.com/app/3117820/_/?snr=1_7_7_2300_150_1
原子之心,https://shared.fastly.steamstatic.com/store_item_assets/steam/apps/668580/capsule_sm_120.jpg?t=1742305587,2023 年 2 月 21 日,"[""win""]",good,33,69.90,23.07,https://store.steampowered.com/app/668580/_/?snr=1_7_7_2300_150_1
AI LIMIT 无限机兵,https://shared.fastly.steamstatic.com/store_item_assets/steam/apps/2407270/capsule_sm_120.jpg?t=1743290781,2025 年 3 月 27 日,"[""win""]",good,90,39.00,35.10,https://store.steampowered.com/app/2407270/AI_LIMIT/?snr=1_7_7_2300_150_1
Call of Duty®: Black Ops 6,https://shared.fastly.steamstatic.com/store_item_assets/steam/apps/2933620/capsule_sm_120_schinese.jpg?t=1740790590,2024 年 10 月 25 日,"[""win""]",mid,70,98.00,68.60,https://store.steampowered.com/app/2933620/Call_of_Duty_Black_Ops_6/?snr=1_7_7_2300_150_1
RimWorld,https://shared.fastly.steamstatic.com/store_item_assets/steam/apps/294100/capsule_sm_120.jpg?t=1734154189,2018 年 10 月 17 日,"[""win"", ""mac"", ""linux""]",good,80,29.00,23.20,https://store.steampowered.com/app/294100/RimWorld/?snr=1_7_7_2300_150_1
雨中冒险 2,https://shared.fastly.steamstatic.com/store_item_assets/steam/apps/632360/capsule_sm_120_schinese.jpg?t=1741113466,2020 年 8 月 11 日,"[""win""]",good,33,22.00,7.26,https://store.steampowered.com/app/632360/_2/?snr=1_7_7_2300_150_1
Nordhold,https://shared.fastly.steamstatic.com/store_item_assets/steam/apps/3028310/317d0804526e3b14efb67ea33d6e2e76a0b3ce86/capsule_sm_120.jpg?t=1743433441,2025 年 3 月 26 日,"[""win"", ""mac"", ""linux""]",good,80,18.50,14.80,https://store.steampowered.com/app/3028310/Nordhold/?snr=1_7_7_2300_150_1
No Man's Sky 无人深空,https://shared.fastly.steamstatic.com/store_item_assets/steam/apps/275850/383e42d6c89fae0016a9f970cea85c3dd139e1c3/capsule_sm_120_alt_assets_15.jpg?t=1742997746,2016 年 8 月 13 日,"[""win"", ""mac""]",good,40,49.00,19.60,https://store.steampowered.com/app/275850/No_Mans_Sky/?snr=1_7_7_2300_150_1
消逝的光芒2: 重装上阵版,https://shared.fastly.steamstatic.com/store_item_assets/steam/apps/534380/6116fa251dc3277a1cfa1ed1c9889d4415637a71/capsule_sm_120_schinese.jpg?t=1739988558,2022 年 2 月 4 日,"[""win""]",good,33,93.00,30.69,https://store.steampowered.com/app/534380/2/?snr=1_7_7_2300_150_1
真人快打 1,https://shared.fastly.steamstatic.com/store_item_assets/steam/apps/1971870/capsule_sm_120.jpg?t=1729006754,2023 年 9 月 20 日,"[""win""]",good,33,72.00,23.76,https://store.steampowered.com/app/1971870/_1/?snr=1_7_7_2300_150_1
胡闹厨房 全都好吃,https://shared.fastly.steamstatic.com/store_item_assets/steam/apps/1243830/capsule_sm_120.jpg?t=1732787467,2021 年 3 月 24 日,"[""win""]",good,34,49.00,16.66,https://store.steampowered.com/app/1243830/_/?snr=1_7_7_2300_150_1
英雄立志传：三国志,https://shared.fastly.steamstatic.com/store_item_assets/steam/apps/3020510/capsule_sm_120_schinese.jpg?t=1743045919,2025 年 3 月 26 日,"[""win""]",good,90,18.50,16.65,https://store.steampowered.com/app/3020510/_/?snr=1_7_7_2300_150_1
无主之地3,https://shared.fastly.steamstatic.com/store_item_assets/steam/apps/397540/capsule_sm_120.jpg?t=1731365610,2020 年 3 月 13 日,"[""win""]",good,10,81.90,8.19,https://store.steampowered.com/app/397540/3/?snr=1_7_7_2300_150_1
大厨的轮班 The Chef's Shift,https://shared.fastly.steamstatic.com/store_item_assets/steam/apps/2390230/59997e244aaa4cd7c3332732c3309dad2aff4bf9/capsule_sm_120_alt_assets_1_schinese.jpg?t=1743417523,2025 年 3 月 31 日,"[""win"", ""mac""]",good,90,13.00,11.70,https://store.steampowered.com/app/2390230/_The_Chefs_Shift/?snr=1_7_7_2300_150_1
要战便战,https://shared.fastly.steamstatic.com/store_item_assets/steam/apps/1272320/capsule_sm_120.jpg?t=1743002978,2024 年 10 月 5 日,"[""win""]",good,50,26.00,13.00,https://store.steampowered.com/app/1272320/_/?snr=1_7_7_2300_150_1
庄园领主 Manor Lords,https://shared.fastly.steamstatic.com/store_item_assets/steam/apps/1363080/capsule_sm_120_schinese.jpg?t=1743006032,2024 年 4 月 26 日,"[""win""]",good,70,49.00,34.30,https://store.steampowered.com/app/1363080/_Manor_Lords/?snr=1_7_7_2300_150_1
雨世界,https://shared.fastly.steamstatic.com/store_item_assets/steam/apps/312520/capsule_sm_120_schinese.jpg?t=1743178762,2017 年 3 月 29 日,"[""win""]",good,35,22.00,7.70,https://store.steampowered.com/app/312520/_/?snr=1_7_7_2300_150_2
Victoria 3,https://shared.fastly.steamstatic.com/store_item_assets/steam/apps/529340/87cbdf197916aa5c6ae9a38f892138edc293a8b0/capsule_sm_120_alt_assets_1_schinese.jpg?t=1743439389,2022 年 10 月 26 日,"[""win"", ""mac"", ""linux""]",mid,30,56.00,16.80,https://store.steampowered.com/app/529340/Victoria_3/?snr=1_7_7_2300_150_2
Sid Meier’s Civilization® VI,https://shared.fastly.steamstatic.com/store_item_assets/steam/apps/289070/capsule_sm_120.jpg?t=1740607040,2016 年 10 月 21 日,"[""win"", ""mac"", ""linux""]",good,10,74.90,7.49,https://store.steampowered.com/app/289070/Sid_Meiers_Civilization_VI/?snr=1_7_7_2300_150_2
Evil Genius 2: World Domination,https://shared.fastly.steamstatic.com/store_item_assets/steam/apps/700600/capsule_sm_120.jpg?t=1734453187,2021 年 3 月 30 日,"[""win""]",mid,10,34.00,3.40,https://store.steampowered.com/app/700600/Evil_Genius_2_World_Domination/?snr=1_7_7_2300_150_2
冰汽时代,https://shared.fastly.steamstatic.com/store_item_assets/steam/apps/323190/capsule_sm_120.jpg?t=1741691261,2018 年 4 月 24 日,"[""win"", ""mac""]",good,15,26.00,3.90,https://store.steampowered.com/app/323190/_/?snr=1_7_7_2300_150_2
Hero Siege,https://shared.fastly.steamstatic.com/store_item_assets/steam/apps/269210/capsule_sm_120.jpg?t=1736850054,2014 年 1 月 30 日,"[""win"", ""linux""]",mid,34,8.50,2.89,https://store.steampowered.com/app/269210/Hero_Siege/?snr=1_7_7_2300_150_2
丑小鸭与文字祸,https://shared.fastly.steamstatic.com/store_item_assets/steam/apps/2697560/bd78639e8d7b872ad050374af441027d16c8f6d7/capsule_sm_120_schinese.jpg?t=1743433723,2025 年 3 月 31 日,"[""win""]",good,90,22.00,19.80,https://store.steampowered.com/app/2697560/_/?snr=1_7_7_2300_150_2
Melatonin,https://shared.fastly.steamstatic.com/store_item_assets/steam/apps/1585220/820798ca3351d3654cd3128c487b9967121ea1ec/capsule_sm_120.jpg?t=1739227099,2022 年 12 月 16 日,"[""win"", ""mac""]",good,70,14.99,10.49,https://store.steampowered.com/app/1585220/Melatonin/?snr=1_7_7_2300_150_2
钢铁指挥官,https://shared.fastly.steamstatic.com/store_item_assets/steam/apps/669330/capsule_sm_120_schinese.jpg?t=1742928720,2024 年 9 月 26 日,"[""win""]",good,80,14.50,11.60,https://store.steampowered.com/app/669330/_/?snr=1_7_7_2300_150_2
Easy Red 2: Shanghai - Nanking,https://shared.fastly.steamstatic.com/store_item_assets/steam/apps/3499380/d5b29846ee2477c18851191f5abd7bcb5d6aa6bd/capsule_sm_120.jpg?t=1743351093,2025 年 3 月 28 日,"[""win"", ""mac"", ""linux""]",good,85,6.50,5.52,https://store.steampowered.com/app/3499380/Easy_Red_2_Shanghai__Nanking/?snr=1_7_7_2300_150_2
猎杀：对决 1896,https://shared.fastly.steamstatic.com/store_item_assets/steam/apps/594650/839d792ce3a723210521b47cebecf39f109ff07a/capsule_sm_120_alt_assets_21.jpg?t=1743412689,2019 年 8 月 27 日,"[""win""]",good,50,37.00,18.50,https://store.steampowered.com/app/594650/_1896/?snr=1_7_7_2300_150_2
Aloft,https://shared.fastly.steamstatic.com/store_item_assets/steam/apps/1660080/748fdedef64a62e6538b42ac95a9e57299d919b7/capsule_sm_120_alt_assets_3.jpg?t=1742065301,2025 年 1 月 15 日,"[""win""]",good,80,22.30,17.84,https://store.steampowered.com/app/1660080/Aloft/?snr=1_7_7_2300_150_2
塑战核心,https://shared.fastly.steamstatic.com/store_item_assets/steam/apps/1421290/223ec34d8ed45634c7be052635377594be7ca35b/capsule_sm_120_schinese.jpg?t=1743190420,2024 年 12 月 5 日,"[""win""]",good,60,22.00,13.20,https://store.steampowered.com/app/1421290/_/?snr=1_7_7_2300_150_3
哈利·波特：魁地奇锦标赛,https://shared.fastly.steamstatic.com/store_item_assets/steam/apps/2878600/1c00b145aaaab51c65299b824e8dee60262d895d/capsule_sm_120.jpg?t=1733419991,2024 年 9 月 3 日,"[""win""]",good,33,39.90,13.16,https://store.steampowered.com/app/2878600/_/?snr=1_7_7_2300_150_3
Rust,https://shared.fastly.steamstatic.com/store_item_assets/steam/apps/252490/21aac0b6e20e1ba12f635e7deb730e32a51afbd5/capsule_sm_120.jpg?t=1738927718,2018 年 2 月 9 日,"[""win"", ""mac""]",good,60,40.00,24.00,https://store.steampowered.com/app/252490/Rust/?snr=1_7_7_2300_150_3
Infection Free Zone (无感染区),https://shared.fastly.steamstatic.com/store_item_assets/steam/apps/1465460/capsule_sm_120.jpg?t=1742817286,2024 年 4 月 12 日,"[""win""]",good,80,29.99,23.99,https://store.steampowered.com/app/1465460/Infection_Free_Zone/?snr=1_7_7_2300_150_3
Dying Light 2: Stay Human Digital Extras Edition,https://shared.fastly.steamstatic.com/store_item_assets/steam/subs/1150220/3a273958e0bb6a8c5320a3739c6d74154c4d3919/capsule_sm_120_schinese.jpg?t=1738590604,2024 年 9 月 28 日,"[""win""]",good,33,93.00,30.69,https://store.steampowered.com/sub/1150220/?snr=1_7_7_2300_150_3
兽人必须死! 死亡陷阱,https://shared.fastly.steamstatic.com/store_item_assets/steam/apps/2273980/0f5cb3c8febba884fa2d8089c0a8e807f98a3906/capsule_sm_120.jpg?t=1742922082,2025 年 1 月 28 日,"[""win""]",mid,80,33.00,26.40,https://store.steampowered.com/app/2273980/_/?snr=1_7_7_2300_150_3
Contraband Police,https://shared.fastly.steamstatic.com/store_item_assets/steam/apps/756800/5f7bd2fc9a6dfeec747554ae70c07ed2f8d4b077/capsule_sm_120.jpg?t=1740579624,2023 年 3 月 8 日,"[""win""]",good,49,29.99,14.69,https://store.steampowered.com/app/756800/Contraband_Police/?snr=1_7_7_2300_150_3
伊克西翁IXION,https://shared.fastly.steamstatic.com/store_item_assets/steam/apps/1113120/capsule_sm_120.jpg?t=1733140180,2022 年 12 月 8 日,"[""win""]",good,40,29.00,11.60,https://store.steampowered.com/app/1113120/IXION/?snr=1_7_7_2300_150_3
Spilled!,https://shared.fastly.steamstatic.com/store_item_assets/steam/apps/2240080/644f9143d83cc37f500943ef759feda213a8a3c8/capsule_sm_120.jpg?t=1743011997,2025 年 3 月 27 日,"[""win"", ""mac""]",good,90,6.50,5.85,https://store.steampowered.com/app/2240080/Spilled/?snr=1_7_7_2300_150_3
黑暗世界：因与果,https://shared.fastly.steamstatic.com/store_item_assets/steam/apps/1376200/848a6321dc75208df354cfee352f5984b705d367/capsule_sm_120_schinese.jpg?t=1743264456,2025 年 3 月 27 日,"[""win""]",good,90,22.00,19.80,https://store.steampowered.com/app/1376200/_/?snr=1_7_7_2300_150_3
The Sims™ 4 City Living,https://shared.fastly.steamstatic.com/store_item_assets/steam/apps/1235731/capsule_sm_120.jpg?t=1711660625,2020 年 6 月 19 日,"[""win""]",mid,40,49.90,19.96,https://store.steampowered.com/app/1235731/The_Sims_4_City_Living/?snr=1_7_7_2300_150_4
光与影：33号远征队,https://shared.fastly.steamstatic.com/store_item_assets/steam/apps/1903340/425e89266b6937126d994eb485da4252806e944c/capsule_sm_120_schinese.jpg?t=1741606622,2025 年 4 月 24 日,"[""win""]",good,90,59.90,53.91,https://store.steampowered.com/app/1903340/33/?snr=1_7_7_2300_150_4
Mortal Kombat 11,https://shared.fastly.steamstatic.com/store_item_assets/steam/apps/976310/capsule_sm_120.jpg?t=1699983920,2019 年 4 月 24 日,"[""win""]",good,10,49.90,4.99,https://store.steampowered.com/app/976310/Mortal_Kombat_11/?snr=1_7_7_2300_150_4
《The Sims™ 4 骏马牧场》资料片,https://shared.fastly.steamstatic.com/store_item_assets/steam/apps/1990600/capsule_sm_120.jpg?t=1721945306,2023 年 7 月 21 日,"[""win""]",mid,50,49.90,24.95,https://store.steampowered.com/app/1990600/The_Sims_4/?snr=1_7_7_2300_150_4
"Warhammer 40,000: Shootas, Blood & Teef",https://shared.fastly.steamstatic.com/store_item_assets/steam/apps/1324530/capsule_sm_120.jpg?t=1734614902,2022 年 10 月 20 日,"[""win"", ""mac""]",good,40,23.00,9.20,https://store.steampowered.com/app/1324530/Warhammer_40000_Shootas_Blood__Teef/?snr=1_7_7_2300_150_4
点老救世记 - dotAGE,https://shared.fastly.steamstatic.com/store_item_assets/steam/apps/638510/468f014ddcac3720eb7de876e0b992b1deda1cbf/capsule_sm_120_schinese.jpg?t=1742924850,2023 年 10 月 4 日,"[""win"", ""mac"", ""linux""]",good,70,17.00,11.90,https://store.steampowered.com/app/638510/__dotAGE/?snr=1_7_7_2300_150_4
记忆边境,https://shared.fastly.steamstatic.com/store_item_assets/steam/apps/1343240/capsule_sm_120.jpg?t=1726498792,2022 年 8 月 18 日,"[""win""]",good,40,31.50,12.60,https://store.steampowered.com/app/1343240/_/?snr=1_7_7_2300_150_4
ASKA,https://shared.fastly.steamstatic.com/store_item_assets/steam/apps/1898300/capsule_sm_120.jpg?t=1743146201,2024 年 6 月 20 日,"[""win""]",good,65,22.00,14.30,https://store.steampowered.com/app/1898300/ASKA/?snr=1_7_7_2300_150_4
Stacklands,https://shared.fastly.steamstatic.com/store_item_assets/steam/apps/1948280/capsule_sm_120.jpg?t=1729241259,2022 年 4 月 9 日,"[""win"", ""mac""]",good,70,8.25,5.77,https://store.steampowered.com/app/1948280/Stacklands/?snr=1_7_7_2300_150_5
家园3,https://shared.fastly.steamstatic.com/store_item_assets/steam/apps/1840080/capsule_sm_120.jpg?t=1732212339,2024 年 5 月 14 日,"[""win""]",good,50,79.90,39.95,https://store.steampowered.com/app/1840080/3/?snr=1_7_7_2300_150_5
Commandos: Origins,https://shared.fastly.steamstatic.com/store_item_assets/steam/apps/1479730/capsule_sm_120.jpg?t=1743007981,2025 年 4 月 10 日,"[""win""]",good,90,43.50,39.15,https://store.steampowered.com/app/1479730/Commandos_Origins/?snr=1_7_7_2300_150_5
人间地狱,https://shared.fastly.steamstatic.com/store_item_assets/steam/apps/686810/capsule_sm_120_schinese.jpg?t=1742313751,2021 年 7 月 28 日,"[""win""]",good,60,61.99,37.19,https://store.steampowered.com/app/686810/_/?snr=1_7_7_2300_150_6
Rain World: The Watcher,https://shared.fastly.steamstatic.com/store_item_assets/steam/apps/2857120/capsule_sm_120.jpg?t=1743179509,2025 年 3 月 29 日,"[""win""]",mid,90,14.50,13.05,https://store.steampowered.com/app/2857120/Rain_World_The_Watcher/?snr=1_7_7_2300_150_6
无罪之庭,https://shared.fastly.steamstatic.com/store_item_assets/steam/apps/2983140/capsule_sm_120_schinese.jpg?t=1743381263,2025 年 3 月 26 日,"[""win""]",good,90,16.00,14.40,https://store.steampowered.com/app/2983140/_/?snr=1_7_7_2300_150_7
RimWorld - Biotech,https://shared.fastly.steamstatic.com/store_item_assets/steam/apps/1826140/capsule_sm_120.jpg?t=1712946035,2022 年 10 月 21 日,"[""win"", ""mac"", ""linux""]",good,90,22.00,19.80,https://store.steampowered.com/app/1826140/RimWorld__Biotech/?snr=1_7_7_2300_150_7
Totally Accurate Battle Simulator,https://shared.fastly.steamstatic.com/store_item_assets/steam/apps/508440/capsule_sm_120.jpg?t=1730715415,2021 年 4 月 2 日,"[""win"", ""mac""]",good,34,18.99,6.45,https://store.steampowered.com/app/508440/Totally_Accurate_Battle_Simulator/?snr=1_7_7_2300_150_7
终结者: 黑暗命运 - 反抗,https://shared.fastly.steamstatic.com/store_item_assets/steam/apps/1839950/capsule_sm_120_schinese.jpg?t=1737389055,2024 年 2 月 21 日,"[""win""]",good,70,34.00,23.80,https://store.steampowered.com/app/1839950/_/?snr=1_7_7_2300_150_7
Celeste,https://shared.fastly.steamstatic.com/store_item_assets/steam/apps/504230/capsule_sm_120.jpg?t=1714089525,2018 年 1 月 26 日,"[""win"", ""mac"", ""linux""]",good,50,18.50,9.25,https://store.steampowered.com/app/504230/Celeste/?snr=1_7_7_2300_150_7
Super Bunny Man,https://shared.fastly.steamstatic.com/store_item_assets/steam/apps/673750/5613e86f95b528938211d22326e29cddcabcf669/capsule_sm_120.jpg?t=1732013337,2023 年 5 月 17 日,"[""win"", ""mac"", ""linux""]",good,60,13.99,8.39,https://store.steampowered.com/app/673750/Super_Bunny_Man/?snr=1_7_7_2300_150_7
Crypt of the NecroDancer,https://shared.fastly.steamstatic.com/store_item_assets/steam/apps/247080/capsule_sm_120.jpg?t=1738776920,2015 年 4 月 24 日,"[""win"", ""mac"", ""linux""]",good,20,14.50,2.90,https://store.steampowered.com/app/247080/Crypt_of_the_NecroDancer/?snr=1_7_7_2300_150_7
我的小绿屋,https://shared.fastly.steamstatic.com/store_item_assets/steam/apps/2744010/9c67c67da89426b639c80188e7fcbbbd02701b4f/capsule_sm_120_alt_assets_1.jpg?t=1742841053,2025 年 3 月 21 日,"[""win""]",good,83,12.00,9.96,https://store.steampowered.com/app/2744010/_/?snr=1_7_7_2300_150_7
地下蚁国 Empires of the Undergrowth,https://shared.fastly.steamstatic.com/store_item_assets/steam/apps/463530/3320ce629e49bfb9e3b03af9d2ec6f986d62161d/capsule_sm_120_schinese.jpg?t=1742898166,2024 年 6 月 8 日,"[""win"", ""mac""]",good,50,39.00,19.50,https://store.steampowered.com/app/463530/_Empires_of_the_Undergrowth/?snr=1_7_7_2300_150_7
Ship Graveyard Simulator 2 - Steam Ships DLC,https://shared.fastly.steamstatic.com/store_item_assets/steam/apps/3550840/da5c727026f5f59f29a8a2a3e0d484de9b44f71e/capsule_sm_120.jpg?t=1743425472,2025 年 3 月 31 日,"[""win""]",good,90,8.50,7.65,https://store.steampowered.com/app/3550840/Ship_Graveyard_Simulator_2__Steam_Ships_DLC/?snr=1_7_7_2300_150_7
常轨脱离Creative凸,https://shared.fastly.steamstatic.com/store_item_assets/steam/apps/3407830/53d8acdf561810bc261e2e4fca07f11b4e4f4abc/capsule_sm_120_schinese.jpg?t=1743122472,2025 年 3 月 28 日,"[""win""]",good,90,18.50,16.65,https://store.steampowered.com/app/3407830/Creative/?snr=1_7_7_2300_150_7
怪物圣所,https://shared.fastly.steamstatic.com/store_item_assets/steam/apps/814370/capsule_sm_120.jpg?t=1726486823,2020 年 12 月 9 日,"[""win"", ""mac"", ""linux""]",good,25,23.00,5.75,https://store.steampowered.com/app/814370/_/?snr=1_7_7_2300_150_7
俄罗斯人对蜥蜴人2,https://shared.fastly.steamstatic.com/store_item_assets/steam/apps/3107800/capsule_sm_120.jpg?t=1743067393,2025 年 3 月 27 日,"[""win""]",good,90,7.50,6.75,https://store.steampowered.com/app/3107800/2/?snr=1_7_7_2300_150_7
Frostpunk: On The Edge,https://shared.fastly.steamstatic.com/store_item_assets/steam/apps/1147010/capsule_sm_120.jpg?t=1727863340,2020 年 8 月 20 日,"[""win"", ""mac""]",mid,30,13.00,3.90,https://store.steampowered.com/app/1147010/Frostpunk_On_The_Edge/?snr=1_7_7_2300_150_7
《The Sims™ 4 生与死》资料片,https://shared.fastly.steamstatic.com/store_item_assets/steam/apps/2815290/f5c49493ef13a2c5438dc36e11a2b04a3def2593/capsule_sm_120.jpg?t=1737020514,2024 年 11 月 1 日,"[""win""]",good,75,49.90,37.42,https://store.steampowered.com/app/2815290/The_Sims_4/?snr=1_7_7_2300_150_7
圣杯誓约,https://shared.fastly.steamstatic.com/store_item_assets/steam/apps/1763250/9448c656d4fc71fe3298fdda38d4bb65d3e07440/capsule_sm_120.jpg?t=1742488404,2025 年 2 月 7 日,"[""win""]",good,80,25.00,20.00,https://store.steampowered.com/app/1763250/_/?snr=1_7_7_2300_150_7
工人与资源：苏维埃共和国 Workers & Resources: Soviet Republic,https://shared.fastly.steamstatic.com/store_item_assets/steam/apps/784150/capsule_sm_120_schinese.jpg?t=1743008798,2024 年 6 月 21 日,"[""win""]",good,50,49.00,24.50,https://store.steampowered.com/app/784150/_Workers__Resources_Soviet_Republic/?snr=1_7_7_2300_150_7
The Sims™ 4 玩转大学,https://shared.fastly.steamstatic.com/store_item_assets/steam/apps/1235722/capsule_sm_120_schinese.jpg?t=1711660625,2020 年 6 月 19 日,"[""win""]",mid,40,49.90,19.96,https://store.steampowered.com/app/1235722/The_Sims_4/?snr=1_7_7_2300_150_7
雨世界：倾盆大雨,https://shared.fastly.steamstatic.com/store_item_assets/steam/apps/1933390/capsule_sm_120_schinese.jpg?t=1707800144,2023 年 1 月 20 日,"[""win""]",good,70,14.50,10.15,https://store.steampowered.com/app/1933390/_/?snr=1_7_7_2300_150_7
"战锤40,000：战区",https://shared.fastly.steamstatic.com/store_item_assets/steam/apps/1295500/capsule_sm_120.jpg?t=1743002579,2021 年 7 月 22 日,"[""win""]",good,50,34.00,17.00,https://store.steampowered.com/app/1295500/40000/?snr=1_7_7_2300_150_7
The Sims™ 4 同欢共乐,https://shared.fastly.steamstatic.com/store_item_assets/steam/apps/1235732/capsule_sm_120.jpg?t=1711660625,2020 年 6 月 19 日,"[""win""]",good,40,49.90,19.96,https://store.steampowered.com/app/1235732/The_Sims_4/?snr=1_7_7_2300_150_7
DJMAX RESPECT V - CLEAR PASS : S15 PREMIUM TICKET,https://shared.fastly.steamstatic.com/store_item_assets/steam/apps/3543220/68551db6aac66503d982d93a77a8e253fd2e7893/capsule_sm_120.jpg?t=1743044499,2025 年 3 月 27 日,"[""win""]",good,90,14.50,13.05,https://store.steampowered.com/app/3543220/DJMAX_RESPECT_V__CLEAR_PASS__S15_PREMIUM_TICKET/?snr=1_7_7_2300_150_7
房产达人 2,https://shared.fastly.steamstatic.com/store_item_assets/steam/apps/1190970/acbf0f91bf304751429b34a1e8232157a961a449/capsule_sm_120.jpg?t=1742738904,2023 年 12 月 14 日,"[""win""]",good,75,34.99,26.24,https://store.steampowered.com/app/1190970/_2/?snr=1_7_7_2300_150_8
灾变前夜,https://shared.fastly.steamstatic.com/store_item_assets/steam/apps/2093920/capsule_sm_120_schinese.jpg?t=1734957119,2024 年 10 月 1 日,"[""win""]",good,70,18.50,12.95,https://store.steampowered.com/app/2093920/_/?snr=1_7_7_2300_150_8
Going Medieval,https://shared.fastly.steamstatic.com/store_item_assets/steam/apps/1029780/2f1b4190f956daad702782a741e51dc4a10485f9/capsule_sm_120.jpg?t=1742839458,2021 年 6 月 1 日,"[""win""]",good,75,22.00,16.50,https://store.steampowered.com/app/1029780/Going_Medieval/?snr=1_7_7_2300_150_8
Just Shapes & Beats,https://shared.fastly.steamstatic.com/store_item_assets/steam/apps/531510/capsule_sm_120.jpg?t=1738790023,2018 年 6 月 1 日,"[""win"", ""mac"", ""linux""]",good,60,18.99,11.39,https://store.steampowered.com/app/531510/Just_Shapes__Beats/?snr=1_7_7_2300_150_8
The Escapists 2,https://shared.fastly.steamstatic.com/store_item_assets/steam/apps/641990/capsule_sm_120.jpg?t=1726561627,2017 年 8 月 22 日,"[""win"", ""mac"", ""linux""]",good,20,29.99,5.99,https://store.steampowered.com/app/641990/The_Escapists_2/?snr=1_7_7_2300_150_8
虚空幸存者,https://shared.fastly.steamstatic.com/store_item_assets/steam/apps/1607890/capsule_sm_120_schinese.jpg?t=1699645162,2022 年 3 月 1 日,"[""win""]",good,65,13.00,8.45,https://store.steampowered.com/app/1607890/_/?snr=1_7_7_2300_150_8
RimWorld - 文化,https://shared.fastly.steamstatic.com/store_item_assets/steam/apps/1392840/capsule_sm_120.jpg?t=1713231545,2021 年 7 月 21 日,"[""win"", ""mac"", ""linux""]",good,85,18.50,15.72,https://store.steampowered.com/app/1392840/RimWorld/?snr=1_7_7_2300_150_8
命运2：终焉之形,https://shared.fastly.steamstatic.com/store_item_assets/steam/apps/2336880/capsule_sm_120_schinese.jpg?t=1738709405,2024 年 6 月 5 日,"[""win""]",good,40,59.90,23.96,https://store.steampowered.com/app/2336880/2/?snr=1_7_7_2300_150_8
忍者神龟：破碎命运,https://shared.fastly.steamstatic.com/store_item_assets/steam/apps/2996040/a5a19cb7fddef4eb44a93d9c68e55f0c546ed1dc/capsule_sm_120.jpg?t=1743009758,2024 年 11 月 7 日,"[""win""]",good,50,25.99,12.99,https://store.steampowered.com/app/2996040/_/?snr=1_7_7_2300_150_8
恋爱与选举与巧克力,https://shared.fastly.steamstatic.com/store_item_assets/steam/apps/3027600/c42f2c22dd6316be2f6ddf422fbc615012f75edd/capsule_sm_120_schinese.jpg?t=1743155986,2025 年 3 月 28 日,"[""win""]",good,79,26.00,20.54,https://store.steampowered.com/app/3027600/_/?snr=1_7_7_2300_150_8
Visage,https://shared.fastly.steamstatic.com/store_item_assets/steam/apps/594330/capsule_sm_120.jpg?t=1607559678,2020 年 10 月 30 日,"[""win""]",good,60,29.00,17.40,https://store.steampowered.com/app/594330/Visage/?snr=1_7_7_2300_150_8
《四海兄弟: 最终版》,https://shared.fastly.steamstatic.com/store_item_assets/steam/apps/1030840/capsule_sm_120.jpg?t=1738968937,2020 年 9 月 25 日,"[""win""]",good,20,59.90,11.98,https://store.steampowered.com/app/1030840/_/?snr=1_7_7_2300_150_8
Spells & Secrets - 咒语与秘密,https://shared.fastly.steamstatic.com/store_item_assets/steam/apps/1518220/capsule_sm_120.jpg?t=1728045320,2023 年 11 月 10 日,"[""win""]",good,30,22.00,6.60,https://store.steampowered.com/app/1518220/Spells__Secrets/?snr=1_7_7_2300_150_8
Crysis 3 Remastered,https://shared.fastly.steamstatic.com/store_item_assets/steam/apps/2096610/capsule_sm_120.jpg?t=1709652109,2022 年 11 月 17 日,"[""win""]",good,45,26.99,12.14,https://store.steampowered.com/app/2096610/Crysis_3_Remastered/?snr=1_7_7_2300_150_8
The Sims™ 4 Cats & Dogs,https://shared.fastly.steamstatic.com/store_item_assets/steam/apps/1235721/capsule_sm_120.jpg?t=1711660626,2020 年 6 月 19 日,"[""win""]",mid,40,49.90,19.96,https://store.steampowered.com/app/1235721/The_Sims_4_Cats__Dogs/?snr=1_7_7_2300_150_8
诺兰德 Norland,https://shared.fastly.steamstatic.com/store_item_assets/steam/apps/1857090/capsule_sm_120_schinese.jpg?t=1742899109,2024 年 7 月 18 日,"[""win""]",good,65,39.00,25.35,https://store.steampowered.com/app/1857090/_Norland/?snr=1_7_7_2300_150_8
The Sims™ 4 绿色生活,https://shared.fastly.steamstatic.com/store_item_assets/steam/apps/1301020/capsule_sm_120.jpg?t=1711660625,2020 年 6 月 19 日,"[""win""]",mid,40,49.90,19.96,https://store.steampowered.com/app/1301020/The_Sims_4/?snr=1_7_7_2300_150_8
The Sims™ 4 来去上班,https://shared.fastly.steamstatic.com/store_item_assets/steam/apps/1235734/capsule_sm_120.jpg?t=1711660625,2020 年 6 月 19 日,"[""win""]",mid,40,49.90,19.96,https://store.steampowered.com/app/1235734/The_Sims_4/?snr=1_7_7_2300_150_9
Airport X-Ray Simulator,https://shared.fastly.steamstatic.com/store_item_assets/steam/apps/3079970/1f02833dc61929b6a1a1a662d9ebfd3ace0c152d/capsule_sm_120.jpg?t=1741463193,2024 年 12 月 13 日,"[""win""]",good,90,13.00,11.70,https://store.steampowered.com/app/3079970/Airport_XRay_Simulator/?snr=1_7_7_2300_150_9
法术圆盘,https://shared.fastly.steamstatic.com/store_item_assets/steam/apps/2292060/0ede0b7c80b54d7c45cba22754ae52b49353db5e/capsule_sm_120_schinese.jpg?t=1729221436,2024 年 3 月 2 日,"[""win""]",good,65,14.50,9.42,https://store.steampowered.com/app/2292060/_/?snr=1_7_7_2300_150_9
《The Sims™ 4 高中时代》资料片,https://shared.fastly.steamstatic.com/store_item_assets/steam/apps/1816550/capsule_sm_120.jpg?t=1711660625,2022 年 7 月 29 日,"[""win""]",mid,50,49.90,24.95,https://store.steampowered.com/app/1816550/The_Sims_4/?snr=1_7_7_2300_150_9
Crysis 2 Remastered,https://shared.fastly.steamstatic.com/store_item_assets/steam/apps/2096600/capsule_sm_120.jpg?t=1709652029,2022 年 11 月 17 日,"[""win""]",good,40,26.99,10.79,https://store.steampowered.com/app/2096600/Crysis_2_Remastered/?snr=1_7_7_2300_150_9
风暴之城 Against the Storm,https://shared.fastly.steamstatic.com/store_item_assets/steam/apps/1336490/capsule_sm_120_schinese.jpg?t=1742899516,2023 年 12 月 8 日,"[""win""]",good,50,39.00,19.50,https://store.steampowered.com/app/1336490/_Against_the_Storm/?snr=1_7_7_2300_150_9
The Sims™ 4 Seasons,https://shared.fastly.steamstatic.com/store_item_assets/steam/apps/1235733/capsule_sm_120.jpg?t=1711660625,2020 年 6 月 19 日,"[""win""]",mid,40,49.90,19.96,https://store.steampowered.com/app/1235733/The_Sims_4_Seasons/?snr=1_7_7_2300_150_9
霍格沃茨之遗：黑魔法包,https://shared.fastly.steamstatic.com/store_item_assets/steam/apps/1880832/capsule_sm_120.jpg?t=1676051756,2023 年 2 月 11 日,"[""win""]",mid,25,19.90,4.97,https://store.steampowered.com/app/1880832/_/?snr=1_7_7_2300_150_9
Unpossess: Exorcism Simulator,https://shared.fastly.steamstatic.com/store_item_assets/steam/apps/2976900/e31477ecab071fb47dc4265d26742868b571e1e1/capsule_sm_120.jpg?t=1742575286,2025 年 3 月 22 日,"[""win""]",good,75,14.00,10.50,https://store.steampowered.com/app/2976900/Unpossess_Exorcism_Simulator/?snr=1_7_7_2300_150_9
蹦蹦小囤鼠,https://shared.fastly.steamstatic.com/store_item_assets/steam/apps/2977620/4d57238c4fcdc9498a9df792a844810b3c173a65/capsule_sm_120.jpg?t=1743177692,2025 年 3 月 29 日,"[""win""]",good,90,14.50,13.05,https://store.steampowered.com/app/2977620/_/?snr=1_7_7_2300_150_9
Halls of Torment 苦痛殿堂,https://shared.fastly.steamstatic.com/store_item_assets/steam/apps/2218750/de862be4dbf80a39e1e3f5e08479461ac2f2789b/capsule_sm_120.jpg?t=1738767805,2024 年 9 月 24 日,"[""win"", ""linux""]",good,75,6.99,5.24,https://store.steampowered.com/app/2218750/Halls_of_Torment/?snr=1_7_7_2300_150_9
Mortal Kombat 11 Ultimate,https://shared.fastly.steamstatic.com/store_item_assets/steam/subs/518699/capsule_sm_120.jpg?t=1691103019,2020 年 11 月 18 日,"[""win""]",good,15,69.90,10.48,https://store.steampowered.com/sub/518699/?snr=1_7_7_2300_150_9
ATOM RPG: Post-apocalyptic indie game,https://shared.fastly.steamstatic.com/store_item_assets/steam/apps/552620/capsule_sm_120.jpg?t=1728856725,2018 年 12 月 20 日,"[""win"", ""mac"", ""linux""]",good,20,15.00,3.00,https://store.steampowered.com/app/552620/ATOM_RPG_Postapocalyptic_indie_game/?snr=1_7_7_2300_150_9
